day,time,type,server,source_acc_id,source_char_id,target_acc_id,target_char_id,item_type,item_amount,item_price
1,21:40:09,0,bd,115641,202802,42143,197398,etc,2.68E-07,0.00185888
1,13:08:52,1,ah,104546,293593,41270,224395,etc,9.37E-06,
1,21:01:48,1,au,84624,107496,33916,312167,adena,2.24972928,
1,14:37:50,1,ar,78411,226143,80350,34764,adena,0.006695623,
1,20:32:00,0,ay,50284,44100,17523,276351,etc,5.36E-08,0.03740164
1,0:29:02,0,ac,87962,334455,89597,321617,etc,2.68E-05,0.031698207
1,14:24:53,1,al,18212,164230,38145,34209,accessory,8.03E-08,
1,23:38:20,1,ap,51944,60166,119480,27579,etc,2.68E-08,
1,1:01:32,0,ar,5669,36002,80878,331947,etc,2.68E-07,0.000102856
1,20:20:02,0,aa,54445,383477,97930,197911,etc,1.34E-05,0.013230963
1,2:05:57,0,ab,69336,31464,119150,28903,etc,2.68E-06,0.032726762
1,23:04:25,1,ae,18640,272906,78425,46788,adena,0.307730827,
1,19:08:28,0,bc,43052,319053,20210,222136,etc,3.05E-06,0.100946166
1,10:58:08,1,ad,95018,47465,20221,164040,adena,0.267824914,
1,18:36:01,1,ab,106742,199256,38326,140582,armor,8.03E-08,
1,1:36:32,1,aa,2556,68327,61784,139568,adena,3.71656327,
1,20:02:42,0,aw,85465,363858,53120,280973,spell,2.68E-08,0.010285554
1,22:56:57,1,bc,54959,305545,70056,55043,etc,2.68E-08,
1,22:48:20,0,ac,84252,296171,18239,343515,etc,5.36E-08,0.009591934
1,0:57:48,0,ae,88919,163122,33059,166779,etc,2.41E-07,0.023563269
1,19:52:35,0,ae,61493,32054,96350,376068,enchant_scroll,2.68E-08,0.048091697
1,16:07:04,0,ay,60246,245859,120555,58711,enchant_scroll,2.68E-08,0.907030636
1,19:35:32,1,bc,90072,305262,16788,391733,etc,3.78E-06,
1,19:21:52,0,au,123016,385775,41595,378579,enchant_scroll,2.68E-08,0.00223103
1,22:33:13,1,al,80192,229583,33266,27123,adena,0.000267825,
1,19:45:01,0,ao,104184,276989,20704,296709,etc,3.67E-06,0.00131627
1,22:25:43,0,az,86394,291896,12392,169647,spell,8.03E-07,0.004684602
1,15:13:16,1,bb,15176,242477,56178,340200,accessory,2.14E-07,
1,2:21:22,1,ay,17532,315072,61479,350593,adena,0.75276547,
1,14:54:00,1,aq,40210,21366,82037,313268,weapon,5.36E-08,
1,19:39:04,0,bd,48896,214868,92665,339362,enchant_scroll,2.68E-08,0.008401801
1,21:54:12,0,aa,32317,193580,94826,86924,etc,1.34E-07,0.423981285
1,22:13:32,0,ag,98414,279953,3597,295043,enchant_scroll,1.34E-07,0.021743193
1,19:18:30,1,ar,91357,248164,44255,183041,adena,0.160694949,
1,11:04:04,1,av,102408,115756,86286,120032,etc,2.46E-06,
1,10:28:02,1,ax,119823,156788,31360,127707,adena,5.624323201,
1,13:22:11,1,ai,107237,60859,73725,91255,accessory,2.68E-08,
1,18:44:01,0,ab,58601,197356,98416,128465,enchant_scroll,2.68E-08,0.062319423
1,2:54:53,1,ag,49483,289625,57611,45284,accessory,2.68E-08,
1,23:55:24,0,an,52868,154757,40658,377934,etc,1.02E-06,0.060407806
1,2:37:11,1,an,86148,357803,49545,69860,accessory,1.34E-07,
1,16:00:36,1,am,79811,40631,78200,350870,adena,0.026782491,
1,22:09:26,1,az,23556,139471,49271,126349,weapon,2.68E-08,
1,13:30:53,1,ai,64278,259566,106390,342239,etc,2.68E-08,
1,21:10:55,1,av,48045,85749,68657,396770,weapon,2.68E-08,
1,13:15:37,1,bc,56330,94074,120076,383175,etc,2.68E-08,
1,13:40:45,1,ac,33431,213913,75903,49623,etc,2.68E-08,
1,18:52:38,0,bc,52366,288002,81240,137568,etc,8.03E-08,0.021649314
1,19:25:12,1,ay,59945,114789,104166,338755,etc,0.000175827,
1,1:46:37,1,ah,98736,124169,52740,84159,armor,1.87E-07,
1,0:24:05,0,bd,86365,159310,129334,356858,etc,8.03E-08,0.014056051
1,17:23:16,1,ad,129808,106480,7928,383361,armor,2.68E-08,
1,17:13:17,0,ab,39644,344561,113916,153449,spell,8.03E-07,0.004140403
1,0:54:36,0,az,113572,118312,39576,245319,enchant_scroll,2.68E-08,0.010280037
1,20:31:34,1,at,82340,361578,40329,270974,adena,0.334781143,
1,20:33:19,1,ai,19350,222762,71756,364182,adena,0.00053565,
1,22:28:02,1,az,33149,248351,16587,77390,weapon,2.68E-08,
1,14:31:52,1,ae,22178,332313,64781,176383,adena,0.009360133,
1,20:34:34,0,ag,14962,333339,13917,339754,enchant_scroll,2.68E-08,0.047328976
1,23:49:12,0,ag,82298,66765,77888,150352,etc,2.14E-07,0.037764066
1,14:15:50,0,av,54082,242706,55722,41296,etc,2.68E-08,0.151964384
1,15:32:21,0,ay,118153,62128,101892,214410,etc,9.37E-07,0.13090705
1,19:17:08,0,al,47116,278286,44731,49273,enchant_scroll,2.68E-08,0.052211061
1,20:26:35,0,ab,30405,45285,106939,233153,enchant_scroll,1.34E-07,0.007371937
1,1:25:13,1,as,123214,271241,41517,242856,armor,8.03E-08,
1,11:20:08,0,ak,83952,341485,92862,72588,etc,2.14E-06,0.411534362
1,14:03:32,1,bd,3578,32796,86691,71422,enchant_scroll,5.36E-08,
1,1:41:46,0,ai,88906,292178,117078,268740,etc,1.21E-05,0.061979813
1,0:15:30,0,au,88462,139097,123011,18235,etc,1.45E-05,0.005631528
1,17:13:22,1,ad,24054,123644,64599,41891,etc,2.68E-08,
1,14:28:56,0,ar,60135,346365,62098,36182,etc,5.36E-06,0.001645689
1,1:35:55,0,ax,59660,106341,99291,316109,accessory,2.68E-08,0.513337409
1,22:54:03,1,an,16769,380812,31570,391471,etc,5.36E-08,
1,23:24:07,0,aq,110904,108854,12561,391262,etc,2.68E-08,0.023936448
1,20:26:48,1,ak,42325,379024,87477,280875,etc,6.66E-05,
1,0:11:46,1,au,84061,327563,114058,337418,etc,0.012052121,
1,14:33:58,0,bc,50720,393938,121264,313758,etc,2.68E-07,0.012470767
1,21:33:37,1,am,60049,173457,106257,136343,etc,8.65E-06,
1,16:23:57,0,au,33020,155959,129153,46351,enchant_scroll,2.68E-08,0.009119359
1,20:06:27,1,bd,94080,268468,32760,71804,enchant_scroll,2.68E-08,
1,12:18:02,1,ae,113115,4260,111127,222262,etc,2.68E-08,
1,13:10:18,0,ab,101835,180904,125666,71950,enchant_scroll,2.68E-08,0.05210166
1,17:29:20,0,bd,87169,344875,42591,339131,etc,1.34E-07,0.019028275
1,23:50:34,0,at,8105,276789,114377,172687,etc,2.68E-08,0.013740284
1,22:47:27,1,ao,68576,224665,29385,84799,weapon,2.68E-08,
1,1:17:33,1,an,93801,52809,62716,172499,adena,6.695622858,
1,18:50:15,0,ag,52230,20630,111746,308519,etc,5.36E-08,0.009353683
1,19:20:49,1,ax,47146,305500,87303,68430,adena,0.026782491,
1,10:26:39,1,ar,41155,137797,15670,233303,etc,8.03E-08,
1,10:46:23,1,av,70310,133968,87487,97973,armor,1.07E-07,
1,23:17:34,0,ay,8986,340251,85478,156612,etc,6.16E-07,0.082921294
1,21:43:36,1,ay,58171,298546,111742,335737,etc,1.89E-05,
1,22:48:36,0,bd,77921,41826,127622,21097,etc,2.68E-07,0.000813494
1,19:12:36,1,bc,121264,313758,20153,265765,adena,0.757955301,
1,20:13:00,1,bd,78575,132914,112863,40376,weapon,2.95E-07,
1,17:01:11,1,ae,121848,33433,35009,122416,adena,0.827560452,
1,19:03:44,1,ah,510,233949,102043,233675,etc,2.68E-08,
1,0:29:06,0,ab,37008,116104,85241,312040,etc,3.21E-07,0.010794221
1,18:29:58,1,bd,65564,188750,70950,216189,etc,2.68E-08,
1,20:28:56,0,aa,97392,158326,85236,143041,etc,3.48E-06,0.88612291
1,13:56:12,1,ah,117108,320337,27123,154729,accessory,8.03E-08,
1,12:26:43,0,au,527,165554,72259,340715,etc,1.34E-06,0.010014389
1,13:31:23,0,ap,10678,394740,75815,23886,enchant_scroll,2.68E-07,0.034881118
1,15:42:32,1,ar,81191,355992,124737,299583,adena,1.12486464,
1,21:14:49,1,ap,28498,291142,13226,223371,armor,1.61E-07,
1,22:38:31,0,bb,49457,135305,90473,104992,etc,1.02E-06,0.005354659
1,16:50:45,0,ar,33396,364488,61145,375992,etc,8.84E-06,0.027770996
1,21:44:13,0,ay,87917,242476,110479,383598,enchant_scroll,1.61E-07,0.055921809
1,18:23:05,0,bd,54837,264966,9045,253897,etc,2.68E-08,0.001970151
1,16:15:30,1,ao,116195,214145,128996,236480,accessory,2.68E-08,
1,10:02:27,1,at,37797,130000,84937,306401,accessory,2.68E-08,
1,21:16:19,1,ay,116571,364757,112130,372391,adena,0.133912457,
1,20:24:39,0,ae,124713,7754,100311,273764,enchant_scroll,5.36E-08,0.094818033
1,21:52:03,0,av,119441,393468,60570,229735,enchant_scroll,2.68E-08,0.054047407
1,0:53:04,1,ai,109226,394814,11266,388656,armor,2.68E-08,
1,2:20:30,0,ar,85818,264827,109906,282920,etc,2.68E-06,0.449871427
1,11:52:37,1,bb,63973,125936,86453,2661,etc,2.68E-08,
1,18:52:10,1,af,95514,105742,80361,52751,adena,1.231994606,
1,23:29:51,1,ac,54699,216944,17919,303919,etc,1.07E-05,
1,17:31:29,0,ar,93499,24440,6624,99162,enchant_scroll,1.34E-07,0.253614175
1,0:09:18,0,an,52481,333727,60127,144680,etc,5.36E-08,0.28986561
1,0:09:28,0,bd,73841,120965,31705,143444,etc,1.93E-06,0.0101726
1,21:08:56,1,at,47572,323612,4324,161038,adena,0.026782491,
1,15:39:37,0,ad,89515,78359,59786,75494,weapon,5.36E-08,0.448562356
1,0:01:38,0,ad,92924,4531,121023,37066,etc,5.36E-06,0.639050815
1,21:42:44,1,an,49653,55302,117293,73458,etc,2.68E-08,
1,19:23:56,1,an,115376,288210,3716,343541,enchant_scroll,2.68E-08,
1,23:33:49,1,am,109041,345211,59708,22334,enchant_scroll,2.68E-08,
1,4:40:52,0,ab,67099,286467,29298,97484,enchant_scroll,4.29E-07,0.034953398
1,3:12:16,0,bc,72610,144206,45670,158990,etc,1.93E-06,0.040394175
1,21:44:57,0,ac,12430,208759,58260,237024,spell,2.68E-08,0.046752518
1,20:46:04,0,ax,83804,27730,25364,261340,etc,1.07E-05,0.248723395
1,14:04:01,1,ay,36198,154384,73473,94640,adena,16.06949486,
1,19:59:51,1,ae,19963,142292,55741,87953,enchant_scroll,2.68E-07,
1,4:55:44,0,al,6771,93087,71677,345277,etc,2.68E-08,0.001701418
1,3:22:04,0,au,24932,114853,31939,184104,armor,2.68E-08,0.923466017
1,9:31:37,1,aj,55336,23658,75744,125863,accessory,2.68E-08,
1,2:32:03,0,an,105213,158458,6136,214716,etc,2.68E-08,0.088198064
1,14:25:42,0,aj,92992,180127,123063,5168,etc,2.68E-06,0.04308712
1,14:21:53,1,as,18640,24731,93428,97924,adena,0.425841614,
1,22:22:38,1,am,94012,122862,51834,315367,enchant_scroll,4.29E-07,
1,1:41:37,0,al,120637,20472,86425,72959,etc,5.36E-06,0.028051511
1,15:00:49,1,bd,121069,231190,47346,180124,adena,0.03213899,
1,1:42:30,1,ao,40356,380151,75935,17264,armor,2.68E-08,
1,2:34:03,0,as,103198,320025,102455,280985,etc,9.11E-07,0.139915325
1,3:00:05,0,bc,41141,217810,50720,393938,etc,2.68E-08,0.039160563
1,1:30:34,0,ax,2943,226120,100047,357154,etc,2.68E-07,0.072623491
1,21:31:47,1,aj,64660,313360,99789,51461,etc,2.68E-08,
1,1:06:26,0,ac,83618,386671,533,372461,enchant_scroll,5.36E-08,0.03690943
1,23:24:53,0,aa,59023,137097,58179,254797,armor,5.36E-08,0.228527242
1,22:18:11,0,aa,28030,292301,75333,258463,etc,2.68E-06,0.016438185
1,19:07:43,1,af,59748,357522,67302,233077,spell,3.04E-05,
1,20:42:22,1,az,14236,360914,71900,284835,adena,1.56026763,
1,23:31:17,1,aa,51606,292229,70236,174808,accessory,2.68E-08,
1,17:48:11,1,aq,43987,335835,85836,15547,etc,1.07E-07,
1,18:57:12,0,ai,50511,169615,33512,373827,etc,1.55E-06,0.174223257
1,11:16:45,1,ak,12524,340518,43289,302581,armor,2.68E-08,
1,20:36:47,0,bd,92665,339362,52737,75407,etc,5.36E-07,0.00167748
1,21:30:59,1,bc,42174,4194,45658,364486,etc,2.68E-08,
1,17:50:50,1,ay,123602,41569,111288,61215,armor,4.29E-07,
1,9:27:47,1,ap,36477,52586,79084,277969,etc,1.07E-05,
1,1:10:48,0,as,91317,396075,22947,35766,enchant_scroll,2.68E-08,0.003564131
1,20:58:34,1,ar,21935,91912,116383,52717,spell,2.68E-08,
1,4:10:13,1,bd,103987,120543,126193,254335,enchant_scroll,8.03E-08,
1,2:04:24,1,ay,104194,319432,19885,201043,armor,2.68E-07,
1,12:17:42,0,an,115339,364586,81235,272187,enchant_scroll,1.34E-07,0.253912924
1,21:32:55,1,bd,8894,145000,22880,298186,etc,2.68E-08,
1,13:13:56,1,az,88152,154759,81178,331964,weapon,2.68E-08,
1,0:17:20,0,aw,7589,342435,7546,347342,accessory,8.03E-08,9.058871821
1,4:35:02,1,au,129387,351932,67688,1889,armor,3.75E-07,
1,21:05:25,0,ac,533,372461,70331,161495,enchant_scroll,2.68E-08,0.071233913
1,2:12:30,1,bb,101293,318870,112763,124334,adena,0.771335753,
1,17:40:31,1,av,47998,283363,5773,291791,etc,8.03E-06,
1,20:36:30,1,ay,44663,229871,8198,151384,accessory,2.68E-08,
1,23:38:52,0,az,31601,341662,128026,264563,enchant_scroll,2.68E-08,0.028261897
1,19:17:20,0,ah,94944,113361,17224,33237,etc,2.68E-08,0.004168641
1,1:11:51,1,bd,356,378063,50210,146861,adena,0.001104885,
1,11:23:24,1,at,120966,42030,76722,204526,adena,0.040173737,
1,13:19:09,0,aw,11665,136732,58052,274171,etc,2.68E-07,0.073575372
1,13:05:51,0,ac,87857,49607,32382,318751,etc,1.61E-07,0.044339901
1,18:55:49,0,as,128450,156090,72609,172841,etc,3.14E-05,0.224791996
1,20:53:07,1,ad,126809,189459,126344,231680,etc,2.68E-08,
1,19:01:22,0,ai,101567,201726,24833,18407,enchant_scroll,2.68E-08,0.013286598
1,11:31:32,0,ak,36439,135226,91581,44524,etc,5.87E-06,0.032743687
1,3:56:30,0,ac,108004,387493,46735,330237,etc,5.36E-06,0.831970404
1,20:35:51,1,av,73177,87623,92793,189769,etc,1.02E-05,
1,11:45:16,1,av,74532,284003,2644,30590,weapon,2.68E-08,
1,23:07:19,0,ah,101988,264597,73952,380986,enchant_scroll,5.36E-08,0.007327803
1,18:04:23,1,bc,93045,83745,8894,36003,etc,8.89E-05,
1,15:34:10,0,ay,81240,24320,73077,53591,enchant_scroll,2.68E-08,0.007534636
1,13:59:14,0,ar,59264,87930,118362,395299,enchant_scroll,8.03E-08,0.005781136
1,20:12:52,1,ak,109488,10678,40439,230060,adena,0.048208485,
1,20:55:08,0,an,128857,146729,30355,10294,etc,2.68E-06,0.754398627
1,0:45:24,0,ae,124713,7754,4710,146797,enchant_scroll,2.68E-08,0.002532958
1,11:07:27,1,al,103408,262085,115813,89339,etc,2.68E-08,
1,0:01:43,1,bd,86865,90292,113383,396229,etc,1.74E-05,
1,14:07:38,0,an,97797,270669,126238,139305,etc,1.34E-07,0.039730757
1,0:33:13,1,ax,9851,327304,91881,157939,etc,2.68E-06,
1,1:03:20,1,bb,54453,354634,106734,201268,etc,3.67E-06,
1,4:00:52,1,as,86818,124068,7005,22435,enchant_scroll,2.14E-07,
1,10:39:27,1,ab,25659,26920,96292,60528,adena,0.026782491,
1,14:30:00,0,as,15212,105047,108382,136321,etc,1.07E-07,0.000841545
1,14:05:13,0,ad,63457,297552,59568,273101,etc,5.36E-08,0.675757713
1,0:17:59,1,ab,83294,297165,53366,338713,accessory,2.68E-08,
1,0:24:03,1,ab,12980,189315,7795,368141,etc,4.29E-07,
1,22:47:24,0,ax,84258,326820,104554,155295,armor,2.68E-08,0.794792802
1,23:05:17,1,ac,108702,308046,23894,180502,adena,0.004820848,
1,17:05:06,0,ah,53558,332783,44578,12486,etc,2.68E-07,0.045812792
1,23:00:39,1,bd,110775,379265,48248,236459,spell,2.14E-07,
1,13:59:22,1,ay,15197,85156,83487,262547,adena,0.294607406,
1,20:26:34,1,aq,61587,133137,46422,156562,etc,2.68E-08,
1,19:05:51,1,ah,94944,113361,72239,388988,weapon,2.68E-08,
1,18:34:24,0,ac,122817,175181,100942,302860,enchant_scroll,2.68E-08,0.014661216
1,22:52:55,1,ae,111606,21481,62705,270266,etc,2.68E-08,
1,12:27:38,1,at,66803,98778,66422,342039,adena,1.017734674,
1,17:35:50,0,as,63746,328997,89998,357055,etc,2.68E-06,0.00371215
1,11:14:42,1,an,103672,328172,76454,363883,etc,4.29E-07,
1,13:23:32,1,ao,24090,163835,10669,109569,accessory,8.03E-08,
1,10:25:49,1,ar,10818,24241,79533,286350,armor,2.68E-08,
1,17:04:17,0,ar,77739,280273,55686,172430,etc,2.68E-07,0.070248463
1,2:06:40,1,ah,28726,370897,119683,47228,etc,9.86E-06,
1,2:42:12,0,bd,12823,240749,26499,158075,etc,5.89E-07,0.002013911
1,11:09:42,1,au,127294,160427,61593,332881,adena,0.053564983,
1,21:39:01,0,ag,124357,165719,23747,148505,enchant_scroll,2.68E-08,0.059297527
1,19:57:40,0,am,29822,41053,711,266218,etc,2.68E-08,0.05329787
1,16:38:42,0,az,27595,254276,45284,334685,etc,1.34E-07,0.069427489
1,22:04:28,1,as,73453,6320,91339,282574,armor,1.61E-07,
1,16:00:42,1,al,93469,379754,37924,216613,weapon,5.36E-08,
1,2:18:25,0,ar,79627,60471,106335,144272,etc,2.01E-06,0.323111326
1,18:42:33,1,an,35134,25240,126928,232444,weapon,2.68E-08,
1,20:27:32,1,af,64082,62753,37847,294397,etc,2.68E-08,
1,12:35:20,1,ac,54931,21076,125945,384769,accessory,2.68E-08,
1,1:22:56,1,ab,29235,211823,113937,198609,accessory,2.68E-08,
1,14:33:24,0,ay,89219,211311,87917,242476,enchant_scroll,2.25E-06,0.277622435
1,1:54:42,1,bc,1858,12017,7717,123642,enchant_scroll,3.21E-07,
1,21:59:04,0,al,76152,164565,115029,249875,spell,1.66E-05,0.162470423
1,21:26:24,0,ae,95225,118930,100311,273764,armor,2.68E-08,0.023853789
1,10:43:27,1,ae,80037,392200,91312,379798,etc,5.36E-06,
1,11:27:41,1,bd,80123,9498,122338,79795,etc,2.68E-08,
1,21:57:44,0,aa,130010,206661,32832,15034,etc,8.03E-08,0.056073567
1,22:04:32,1,au,38430,9219,66706,306212,adena,0.267824914,
1,14:34:59,0,aq,25590,135362,97738,144071,etc,1.34E-07,0.011592287
1,2:18:18,0,at,13130,98340,86870,309432,etc,2.68E-08,0.007947928
1,21:29:26,1,ac,20851,134576,77448,319610,etc,1.34E-06,
1,1:28:43,1,al,93469,379754,56836,25198,accessory,2.68E-08,
1,2:42:48,1,af,84589,64625,111811,346378,weapon,5.36E-08,
1,20:21:33,0,ax,25514,364407,121745,134819,armor,2.68E-08,0.329670704
1,21:20:07,1,ah,36818,160343,75108,48674,adena,0.012052121,
1,21:27:12,1,al,110709,340443,18107,80553,adena,0.026782491,
1,11:42:52,0,ak,67722,208308,81831,47328,etc,1.07E-06,0.002048508
1,15:49:05,0,af,85224,329907,13294,297461,armor,2.68E-08,0.503474311
1,19:43:06,0,as,11738,169692,119972,92672,etc,1.71E-06,0.004709662
1,2:13:26,1,av,104584,214171,94099,195225,spell,1.07E-07,
1,19:32:33,1,al,8714,391402,65975,366488,weapon,2.68E-08,
1,15:09:13,0,bd,17603,301856,86645,219634,enchant_scroll,2.68E-08,0.001604733
1,22:22:44,0,ak,63603,51207,73849,396238,etc,2.14E-07,0.03219341
1,22:52:13,1,bd,27121,110389,19327,369673,adena,0.004017374,
1,4:30:33,0,ae,80315,4894,24698,77118,enchant_scroll,2.68E-08,0.002323507
1,22:53:36,1,ai,33791,192282,10325,290013,adena,9.350960036,
1,1:41:02,0,ay,9954,134654,24046,105378,armor,2.68E-08,0.701381272
1,14:04:37,0,az,67612,234841,36091,137534,enchant_scroll,2.68E-08,0.013843514
1,19:27:22,0,ay,67128,189301,32410,312219,armor,2.68E-08,0.045296644
1,15:38:20,1,ab,91035,376338,86001,153555,etc,3.54E-06,
1,18:20:39,0,az,43962,209689,98735,169082,etc,5.36E-06,2.808535948
1,20:49:22,1,ad,36236,356162,19371,188847,adena,0.9373872,
1,23:56:59,1,bd,37719,320472,72926,197281,adena,0.080347474,
1,11:05:51,0,ar,123205,379687,55870,141960,etc,1.61E-06,0.007876864
1,21:02:04,0,ad,40200,372806,2629,180092,etc,5.36E-08,0.000515774
1,15:01:48,1,bd,7903,272511,56060,386237,adena,0.010980821,
1,16:39:10,1,am,114259,253052,17057,126070,etc,2.68E-08,
1,13:11:39,1,ah,104546,293593,41270,224395,etc,9.37E-06,
1,0:02:41,0,az,53463,122673,123583,220631,etc,2.41E-06,0.007043734
1,9:18:19,1,au,129153,46351,33020,155959,etc,1.07E-07,
1,4:31:49,1,ap,110638,197456,90577,331547,adena,0.522115779,
1,1:24:42,0,au,92247,346050,78321,113756,enchant_scroll,2.68E-08,0.003932728
1,2:53:45,0,ak,68576,347014,112739,193997,etc,1.07E-06,0.942863636
1,18:54:58,0,ai,55399,122440,8867,312126,etc,5.36E-08,0.000263871
1,22:17:40,1,ad,43197,91981,106476,167786,etc,2.68E-08,
1,12:20:27,0,bc,83491,141890,113440,129267,etc,8.03E-07,0.030477966
1,20:46:38,0,ap,37846,261253,79530,67011,enchant_scroll,5.36E-08,0.021358514
1,22:09:47,0,bd,54857,61897,120391,359075,etc,2.68E-08,0.000186262
1,22:59:42,1,av,104961,27833,100243,357642,accessory,2.68E-08,
1,1:00:29,0,ax,9101,318547,53557,241930,etc,3.48E-07,0.002480969
1,21:49:48,0,ac,44757,52154,89116,44731,etc,2.68E-07,0.002261887
1,13:51:18,1,ah,75349,351814,124737,320729,adena,0.246398921,
1,10:20:18,1,aq,118261,199538,17360,66780,adena,0.002678249,
1,16:49:47,0,au,3267,384612,107796,363500,etc,1.34E-07,0.038289845
1,3:03:26,1,au,129387,351932,51853,252978,adena,0.535649829,
1,21:27:52,0,bb,119496,304453,120302,43875,weapon,8.03E-08,0.19664109
1,18:47:40,1,au,84342,307468,115645,356217,etc,1.07E-07,
1,12:28:19,0,ax,58244,371651,119488,152259,enchant_scroll,5.36E-08,0.007968312
1,0:57:12,0,as,85006,265140,76700,341076,enchant_scroll,8.03E-08,0.005778611
1,3:37:46,1,ab,90577,5460,30573,265366,adena,0.133912457,
1,23:39:48,0,al,26086,371194,80047,248804,etc,8.03E-06,0.013436674
1,23:28:04,1,ao,103513,208774,6720,166030,spell,1.66E-06,
1,19:00:02,0,bd,115395,11715,40493,89768,etc,5.89E-07,0.0018514
1,19:36:33,0,al,47116,278286,15523,257068,etc,0.00021426,0.005236282
1,10:26:39,1,ar,41155,137797,15670,233303,spell,2.14E-07,
1,0:51:01,0,ay,67302,244003,38474,41769,spell,1.18E-06,0.013568703
1,20:16:11,1,ac,107060,376582,116052,33714,weapon,2.68E-08,
1,19:41:37,0,ah,46907,61932,31857,98290,enchant_scroll,5.36E-08,0.055827836
1,3:29:40,0,ay,774,134415,9953,195981,etc,1.34E-06,0.705958343
1,12:58:20,0,an,120516,131750,30355,10294,enchant_scroll,8.03E-07,0.114068663
1,15:29:45,0,aa,73659,67936,12611,250863,armor,2.68E-08,0.013195057
1,16:14:54,0,bd,4549,256731,122279,284845,etc,2.14E-07,0.000416097
1,23:58:43,0,aq,75015,163473,104006,386059,etc,2.68E-08,0.159732034
1,1:19:02,0,bd,34138,120432,37115,6791,etc,2.95E-07,0.001220895
1,19:36:00,0,az,28432,167557,43124,60107,etc,2.23E-05,0.01791463
1,10:41:57,1,ae,80037,392200,91312,379798,accessory,1.34E-07,
1,0:24:05,0,ay,14070,6074,9045,26078,enchant_scroll,5.36E-08,0.00815046
1,17:57:45,0,af,10642,23844,88465,287894,etc,5.36E-08,0.750833093
1,16:22:22,0,au,83942,269884,9074,146148,armor,2.68E-08,0.987479377
1,19:42:35,1,bc,12107,344042,52764,307658,adena,0.709441308,
1,17:09:23,0,ar,59264,87930,26737,332549,enchant_scroll,2.14E-07,0.028425531
1,17:33:42,1,bb,111181,238002,14899,54673,etc,2.41E-05,
1,0:43:21,0,af,87002,232276,27814,139794,etc,9.64E-07,0.834267636
1,0:53:28,0,bd,15309,219711,81660,56377,etc,2.68E-08,0.020970374
1,9:24:44,1,ac,112351,324319,110149,173032,adena,0.026782491,
1,22:54:30,1,bc,77467,64238,4687,223030,etc,1.07E-07,
1,18:49:57,1,aj,1454,129565,37558,220915,etc,2.68E-08,
1,1:21:04,1,au,2242,195931,104247,194005,adena,0.227597237,
1,17:17:03,1,au,2806,19250,106880,43819,armor,2.68E-08,
1,2:25:11,1,bd,103184,170423,41579,33974,adena,0.072312727,
1,2:17:06,1,bc,73210,100612,70180,320635,adena,0.022765118,
1,16:27:39,1,ak,125207,213297,33800,28705,adena,0.012989508,
1,19:57:07,0,af,39071,5769,66543,310560,etc,6.70E-05,0.384773221
1,23:51:02,1,ar,35400,71335,64915,171358,adena,0.001339125,
1,22:08:22,0,ag,106728,40658,47149,354313,etc,8.03E-08,0.001711142
1,11:13:51,1,bb,2562,372759,71795,39146,accessory,8.03E-08,
1,21:13:08,0,ar,15088,82888,120428,152860,etc,2.68E-08,0.266437924
1,17:35:57,0,bd,52260,372886,56226,331765,etc,1.61E-07,0.001085593
1,22:54:12,1,bc,56766,42146,50816,149906,adena,0.160694949,
1,2:18:38,1,al,103198,129943,102620,234408,adena,0.133912457,
1,16:55:58,1,at,29095,210361,48510,59684,armor,2.68E-08,
1,13:58:13,1,bd,76328,151056,83624,27231,adena,0.013391246,
1,18:46:28,0,am,88485,247774,34391,33421,armor,5.36E-08,1.202474757
1,2:05:55,0,at,51620,230126,114107,376467,enchant_scroll,2.68E-08,0.054178127
1,23:06:52,1,ay,8678,312407,89480,218302,adena,0.001710223,
1,18:05:07,0,ar,122554,257887,47263,381704,armor,2.68E-08,1.908122289
1,23:09:45,0,ax,7193,292911,16750,35048,accessory,2.68E-08,0.139182245
1,16:58:17,1,ac,38665,12264,44623,212845,accessory,2.68E-08,
1,15:42:42,1,af,92563,118996,93027,358068,accessory,2.68E-08,
1,19:48:40,0,bd,121226,190561,114356,263448,etc,5.36E-08,9.93E-05
1,2:27:04,1,al,5275,121108,107474,255429,etc,2.73E-05,
1,15:09:22,0,aq,67550,367407,122831,123888,etc,2.68E-06,2.384378406
1,22:45:38,1,ab,98581,253325,48620,185316,accessory,5.36E-08,
1,20:02:09,0,at,21227,223182,84812,189544,etc,2.44E-05,0.091145903
1,14:27:01,1,aa,35538,294500,115333,258313,weapon,5.36E-08,
1,1:40:23,1,as,76678,281847,25242,382960,weapon,2.68E-08,
1,19:45:12,1,at,126164,350600,81900,311251,armor,2.68E-08,
1,14:59:50,1,aa,22394,142926,63449,43204,adena,0.002678249,
1,22:21:19,1,az,232,69843,39315,384052,adena,0.002678249,
1,22:27:19,0,ay,49351,330299,44160,102756,etc,1.23E-06,0.636079038
1,21:17:46,1,bd,47275,197806,104972,170934,etc,8.03E-08,
1,20:06:02,0,an,33358,277865,69864,367344,armor,2.68E-08,0.000959829
1,22:12:25,0,ad,24493,151333,8166,175150,etc,8.03E-08,0.00503721
1,12:47:55,1,al,104555,344034,67833,147458,armor,1.87E-07,
1,22:02:23,1,ab,80368,37154,7691,229513,etc,6.70E-07,
1,13:41:46,0,an,37206,332356,16591,184526,etc,2.68E-08,0.007789156
1,0:05:16,0,ac,30792,171768,11489,331201,accessory,2.68E-08,1.1866365
1,23:22:14,0,ah,52032,24976,714,238066,spell,2.68E-06,0.028490984
1,21:45:05,0,ap,53585,310208,26592,76552,etc,1.07E-07,0.000860246
1,18:14:21,0,bd,47275,197806,52260,372886,etc,2.68E-08,0.000122959
1,2:22:23,1,ac,78593,106777,41155,215050,accessory,1.07E-07,
1,5:00:28,1,ay,114614,87775,95609,377690,adena,0.002678249,
1,17:28:07,1,ae,86156,85323,61854,289551,adena,3.213898972,
1,20:38:17,1,am,72374,121156,119080,254070,armor,2.68E-08,
1,10:25:09,0,ao,17284,209938,76521,235755,etc,8.03E-08,0.157500256
1,22:31:02,0,bb,22616,196200,25862,47081,enchant_scroll,8.03E-08,0.009982691
1,19:11:12,1,aj,15943,40180,71874,179635,enchant_scroll,5.36E-08,
1,20:27:24,0,ac,123468,12330,87394,190352,enchant_scroll,2.68E-08,0.002494527
1,18:55:44,0,bd,48128,395757,41141,81433,etc,2.62E-06,0.007431593
1,1:18:01,0,am,45892,278160,56236,183082,etc,2.68E-08,0.024002743
1,21:05:30,1,af,18116,100280,124754,12533,adena,0.005356498,
1,17:56:04,0,af,88867,383098,98784,135354,enchant_scroll,5.36E-08,0.048118065
1,18:31:15,0,ar,17912,319298,107662,316310,etc,1.07E-06,0.946701083
1,10:12:29,0,aa,29784,376359,121060,158043,etc,2.68E-06,0.009341153
1,18:27:05,1,an,70290,360793,129413,80158,adena,0.179442693,
1,15:43:31,0,ay,89984,76603,39811,128377,accessory,2.68E-08,1.635611681
1,19:42:42,0,ab,6176,313869,7013,8311,etc,5.36E-08,0.344465071
1,17:26:05,1,ac,60542,321375,10541,79009,etc,5.73E-06,
1,3:00:43,1,ao,42257,53464,66724,304376,adena,2.230124791,
1,16:48:07,1,ar,58931,154340,92046,273599,adena,3.045169276,
1,22:56:54,0,bb,108075,266444,22616,196200,enchant_scroll,2.68E-08,0.003696441
1,3:58:52,0,ap,13704,267006,99104,38160,etc,3.21E-07,0.025172304
1,12:09:28,0,al,81964,288536,102108,142917,etc,2.68E-07,0.271216031
1,16:42:43,0,ac,104930,109510,60895,180969,etc,4.69E-06,0.065551705
1,21:58:30,0,al,30299,318945,102249,329994,enchant_scroll,8.03E-08,0.05191998
1,16:52:29,0,ac,316,20310,128179,181992,etc,2.41E-07,0.025038498
1,10:51:56,0,bd,4999,170347,62919,304221,etc,2.68E-07,0.001960801
1,10:39:11,1,ap,38769,127213,64619,52215,etc,1.93E-06,
1,19:16:51,0,aj,115985,50675,90814,100119,enchant_scroll,3.75E-07,0.053650945
1,20:50:20,1,ay,24706,303488,58740,215992,armor,2.68E-08,
1,2:11:01,0,aw,105358,331531,84669,87139,spell,5.36E-07,0.007480403
1,1:10:19,1,bb,30170,212344,101337,119438,etc,8.03E-08,
1,21:24:28,1,an,101266,232930,54913,296121,adena,0.214259931,
1,16:30:36,1,ad,114323,343411,7928,383361,etc,2.68E-08,
1,19:03:47,0,ay,43501,199602,56478,161400,etc,1.71E-06,0.229301277
1,14:52:47,0,as,55367,151992,37552,224098,enchant_scroll,1.07E-07,0.018892505
1,22:02:25,0,aj,126775,301981,6076,324247,enchant_scroll,5.36E-08,0.014482808
1,22:39:10,0,aa,86784,289387,28030,292301,etc,1.19E-05,0.060281574
1,10:28:32,1,an,103672,328172,76454,363883,accessory,5.36E-08,
1,21:43:36,0,ag,34040,161873,55613,29609,spell,8.33E-06,0.022189773
1,23:10:12,1,ai,26533,388526,2522,281967,adena,5.169020847,
1,22:48:02,0,at,55119,133387,36385,81114,armor,2.14E-07,0.014688519
1,17:27:21,0,av,72643,274865,38806,172704,etc,5.89E-07,0.087194755
1,14:35:11,0,av,87670,17783,29589,126430,enchant_scroll,2.68E-08,0.005412071
1,15:15:02,0,aq,48920,37071,97749,191543,etc,5.62E-07,0.001598095
1,16:12:14,1,ax,32592,363791,69477,309997,adena,4.017373715,
1,22:21:40,1,aa,91062,211755,28820,59778,enchant_scroll,2.41E-07,
1,16:30:01,0,bd,108018,273590,91686,225505,etc,2.68E-08,2.90E-05
1,22:01:59,1,ac,63358,182939,63768,397085,enchant_scroll,5.36E-08,
1,20:09:46,0,at,66928,6083,112504,316101,armor,5.36E-08,0.026175613
1,20:01:39,1,ai,91466,344554,109897,41559,adena,0.099095218,
1,13:44:59,0,am,53693,188644,85244,191754,etc,2.68E-08,0.000944868
1,22:15:49,0,al,40807,304153,86984,26277,enchant_scroll,2.68E-08,0.003079027
1,18:44:42,1,ac,60542,321375,10541,52976,adena,0.013391246,
1,12:29:03,1,aw,107325,81572,11320,257678,spell,2.68E-08,
1,11:52:08,0,bb,34442,125111,20623,190388,etc,1.12E-06,0.197542665
1,21:20:39,0,bd,129496,15487,92665,339362,etc,8.03E-08,0.002589435
1,18:30:43,1,ar,49756,221412,67696,382612,accessory,5.36E-08,
1,3:09:23,0,bd,87499,355634,118032,80168,etc,5.36E-07,0.069193726
1,14:55:45,1,ai,9168,189741,107056,322538,etc,2.68E-08,
1,14:13:11,0,ax,70368,17729,5485,304112,etc,1.85E-06,0.028168766
1,17:43:42,0,ab,96812,73115,7013,8311,etc,1.34E-07,0.372934549
1,15:12:40,0,ac,47493,265128,79898,273639,etc,2.68E-08,0.049623683
1,19:19:49,0,ag,41105,29854,72904,68746,etc,5.36E-05,0.339610289
1,21:02:53,1,at,37136,353448,14632,347250,adena,0.024104242,
1,10:31:19,1,ay,45760,340021,41541,195275,armor,2.68E-07,
1,20:00:20,0,as,92668,113885,118698,3249,etc,2.68E-08,0.015559612
1,2:49:23,0,bd,19648,344504,12823,240749,enchant_scroll,2.68E-08,0.001590614
1,19:26:01,0,am,59812,29794,111621,282836,etc,6.16E-07,0.01411206
1,23:21:26,1,bd,87224,196457,24447,100430,adena,0.002678249,
1,23:08:56,0,aa,75745,273830,38841,144869,etc,5.36E-08,0.849435836
1,3:10:40,0,ar,57426,866,6624,99162,etc,2.68E-08,0.085941226
1,14:39:38,1,ac,35546,112290,94515,337880,accessory,5.36E-08,
1,21:23:48,1,at,55508,269551,121003,178246,etc,5.87E-06,
1,16:36:58,1,av,73078,361056,95803,396318,spell,5.09E-07,
1,14:06:41,0,bd,13235,166459,10630,241071,etc,2.68E-07,0.000839675
1,18:00:38,0,aa,69182,366160,32317,193580,enchant_scroll,1.07E-07,0.191859242
1,2:33:43,0,ay,71266,269001,90925,84385,enchant_scroll,2.68E-08,0.004292816
1,16:42:49,0,bb,36566,280874,106734,201268,etc,2.68E-07,0.0209844
1,20:16:11,1,aw,108359,172162,75634,99375,etc,3.45E-06,
1,18:01:16,0,bd,52260,372886,36632,344730,etc,4.02E-07,0.001319824
1,20:39:07,1,af,13386,394998,82011,9969,armor,5.36E-08,
1,20:49:54,1,av,35563,393529,46297,300547,accessory,2.68E-08,
1,10:26:57,1,af,87405,196077,124737,120591,adena,0.214259931,
1,22:25:02,0,ar,6624,99162,2474,71608,enchant_scroll,1.34E-07,0.009957819
1,13:38:42,0,aj,100725,115802,22048,185293,enchant_scroll,1.61E-07,0.033408788
1,13:53:27,0,al,41079,347295,78963,364078,spell,1.34E-06,0.018701007
1,17:12:49,1,ai,77135,52603,123460,322218,weapon,2.68E-08,
1,9:18:19,1,au,33020,155959,129153,46351,etc,3.50E-05,
1,23:16:09,0,al,71118,165867,24628,262536,etc,2.68E-08,0.002724269
1,10:53:13,1,ay,120428,253240,103880,365774,enchant_scroll,5.62E-07,
1,20:33:21,0,az,44417,175564,70188,186317,etc,3.48E-07,0.06102868
1,11:34:33,1,ad,44032,23637,51503,230275,accessory,2.68E-08,
1,18:46:05,0,ab,109282,289473,3958,273999,etc,2.68E-06,0.009500112
1,17:18:25,1,au,33305,69788,44948,376555,etc,9.70E-06,
1,16:10:37,1,az,44788,74287,54124,124395,armor,2.68E-08,
1,10:57:50,0,ay,75715,306670,67302,244003,etc,1.07E-06,0.006842699
1,20:32:39,0,am,122414,177376,128391,22777,enchant_scroll,2.41E-07,0.463166347
1,14:39:48,1,ab,33305,268037,20731,91904,adena,0.60405416,
1,1:32:57,0,al,120637,20472,71118,165867,etc,1.69E-06,0.100346799
1,18:40:49,1,al,47376,349728,113816,88865,adena,1.071299657,
1,0:45:01,0,bc,65,102580,102165,256303,etc,5.36E-07,0.291692699
1,20:30:30,1,ax,88531,296270,18640,333978,adena,0.401737372,
1,23:52:49,1,aw,101461,106790,97057,24591,spell,6.70E-06,
1,16:22:58,0,ad,19531,59121,63457,297552,enchant_scroll,8.03E-08,0.177296487
1,0:15:04,0,am,84723,82074,11779,373428,etc,1.34E-07,0.000839675
1,0:29:42,1,ap,56825,172206,21323,120065,etc,0.000192004,
1,0:22:16,1,bc,129260,213062,8759,314015,weapon,8.03E-08,
1,2:52:17,0,am,86545,280737,65909,294977,etc,2.14E-06,0.007121344
1,17:00:50,0,af,16350,281021,99798,189226,etc,3.80E-06,0.062418538
1,12:28:38,1,at,10956,165706,90739,315518,adena,0.669562286,
1,17:52:25,0,ap,118193,208136,127974,33274,etc,5.36E-06,0.000130907
1,17:48:26,1,at,118334,59076,16508,8175,accessory,1.07E-07,
1,22:09:00,0,bd,97630,216963,73477,342260,etc,8.03E-08,0.014036976
1,22:09:25,0,at,77988,217509,129705,340960,etc,2.68E-08,0.110906323
1,19:50:18,0,ar,35596,123556,96563,156563,etc,8.03E-08,0.001894319
1,2:03:15,1,al,123554,383680,96147,335674,accessory,8.03E-08,
1,12:50:28,0,ac,88252,275011,123123,139087,etc,2.68E-08,0.045808117
1,16:54:22,0,ad,7928,383361,38050,13407,armor,2.68E-08,1.842073044
1,19:43:34,1,ab,96292,60528,25659,26920,adena,1.41786665,
1,22:22:59,1,az,74923,80051,56479,113805,etc,5.36E-08,
1,11:47:59,1,ax,77923,339912,2268,66439,etc,1.34E-05,
1,16:30:53,1,ac,101908,135894,84377,255386,accessory,5.36E-08,
1,14:54:47,0,ag,25632,326982,72904,68746,etc,2.68E-07,0.000924765
1,23:09:28,0,ar,107662,316310,68885,56063,etc,5.36E-08,0.528263431
1,11:46:42,0,bb,28162,45427,90072,366054,etc,2.68E-08,0.000428814
1,17:49:13,1,bb,56178,340200,78839,336935,weapon,2.68E-08,
1,17:35:22,1,ao,106956,379049,1986,106208,adena,0.026782491,
1,12:25:08,1,aj,58018,55473,46556,211393,etc,2.68E-08,
1,21:38:12,1,ax,65657,48297,2738,38881,adena,0.206225184,
1,0:52:46,1,ae,117937,35644,105461,207051,accessory,2.68E-08,
1,23:32:51,0,at,24248,291344,17993,119254,etc,2.68E-06,2.419592403
1,17:19:00,1,am,75400,95533,121190,260793,weapon,5.36E-08,
1,1:29:38,0,ae,97911,60410,114107,352049,enchant_scroll,5.36E-08,0.006758357
1,11:36:05,0,az,119793,17872,5124,191182,enchant_scroll,5.36E-08,0.00503936
1,15:01:23,0,bd,121680,388125,117832,304209,etc,8.03E-08,0.000127915
